x,y,diameter,name
236.0,233.0,62.798775,Blah
197.0,248.0,76.56697,Blah
167.0,179.0,71.87976,Blah
92.0,175.0,59.714607,Blah
84.0,235.0,54.717087,Blah
105.0,286.0,44.481766,Blah
256.0,68.0,78.86517,Blah
274.0,161.0,63.922012,Blah
178.0,80.0,76.3288,Blah
85.0,114.0,73.40845,Blah
